<?xml version="1.0" encoding="utf-8" ?>
<dwsync>
<file name="bullet.gif" server="www.murach.com/json/htdocs/json/" local="129864526400000000" remote="129906631200000000" />
<file name="footer.gif" server="www.murach.com/json/htdocs/json/" local="129864526400000000" remote="129906631200000000" />
<file name="header.gif" server="www.murach.com/json/htdocs/json/" local="129864526400000000" remote="129906631200000000" />
<file name="mainbg.gif" server="www.murach.com/json/htdocs/json/" local="129864526400000000" remote="129906631200000000" />
<file name="bullet.gif" server="www.murach.com//htdocs/json/" local="129864526400000000" remote="129912884400000000" />
<file name="footer.gif" server="www.murach.com//htdocs/json/" local="129864526400000000" remote="129912884400000000" />
<file name="header.gif" server="www.murach.com//htdocs/json/" local="129864526400000000" remote="129912884400000000" />
<file name="mainbg.gif" server="www.murach.com//htdocs/json/" local="129864526400000000" remote="129912884400000000" />
<file name="bullet.gif" server="www.murach.com/htdocs/ajax/" local="129864526400000000" remote="129919698600000000" />
<file name="footer.gif" server="www.murach.com/htdocs/ajax/" local="129864526400000000" remote="129919698600000000" />
<file name="header.gif" server="www.murach.com/htdocs/ajax/" local="129864526400000000" remote="129919698600000000" />
<file name="mainbg.gif" server="www.murach.com/htdocs/ajax/" local="129864526400000000" remote="129919698600000000" />
</dwsync>